val1;Val2;Val3;Val4;Val5;Val6;Val7;Val8;Val9;val10
val1;Val2;Val3;Val4;Val5;Val6;Val7;Val8;Val9;val10
val1;Val2;Val3;Val4;Val5;Val6;Val7;Val8;Val9;val10
val1;Val2;Val3;Val4;Val5;Val6;Val7;Val8;Val9;val10
val1;Val2;Val3;Val4;Val5;Val6;Val7;Val8;Val9;val10
val1;Val2;Val3;Val4;Val5;Val6;Val7;Val8;Val9;val10
val1;Val2;Val3;Val4;Val5;Val6;Val7;Val8;Val9;val10
val1;Val2;Val3;Val4;Val5;Val6;Val7;Val8;Val9;val10
val1;Val2;Val3;Val4;Val5;Val6;Val7;Val8;Val9;val10
val1;Val2;Val3;Val4;Val5;Val6;Val7;Val8;Val9;val10
val1;Val2;Val3;Val4;Val5;Val6;Val7;Val8;Val9;val10
val1;Val2;Val3;Val4;Val5;Val6;Val7;Val8;Val9;val10
val1;Val2;Val3;Val4;Val5;Val6;Val7;Val8;Val9;val10
val1;Val2;Val3;Val4;Val5;Val6;Val7;Val8;Val9;val10
val1;Val2;Val3;Val4;Val5;Val6;Val7;Val8;Val9;val10
val1;Val2;Val3;Val4;Val5;Val6;Val7;Val8;Val9;val10
val1;Val2;Val3;Val4;Val5;Val6;Val7;Val8;Val9;val10
val1;Val2;Val3;Val4;Val5;Val6;Val7;Val8;Val9;val10
val1;Val2;Val3;Val4;Val5;Val6;Val7;Val8;Val9;val10
val1;Val2;Val3;Val4;Val5;Val6;Val7;Val8;Val9;val10
val1;Val2;Val3;Val4;Val5;Val6;Val7;Val8;Val9;val10
val1;Val2;Val3;Val4;Val5;Val6;Val7;Val8;Val9;val10
val1;Val2;Val3;Val4;Val5;Val6;Val7;Val8;Val9;val10
val1;Val2;Val3;Val4;Val5;Val6;Val7;Val8;Val9;val10
val1;Val2;Val3;Val4;Val5;Val6;Val7;Val8;Val9;val10
val1;Val2;Val3;Val4;Val5;Val6;Val7;Val8;Val9;val10
val1;Val2;Val3;Val4;Val5;Val6;Val7;Val8;Val9;val10
val1;Val2;Val3;Val4;Val5;Val6;Val7;Val8;Val9;val10
val1;Val2;Val3;Val4;Val5;Val6;Val7;Val8;Val9;val10
val1;Val2;Val3;Val4;Val5;Val6;Val7;Val8;Val9;val10
val1;Val2;Val3;Val4;Val5;Val6;Val7;Val8;Val9;val10
val1;Val2;Val3;Val4;Val5;Val6;Val7;Val8;Val9;val10
val1;Val2;Val3;Val4;Val5;Val6;Val7;Val8;Val9;val10
val1;Val2;Val3;Val4;Val5;Val6;Val7;Val8;Val9;val10
val1;Val2;Val3;Val4;Val5;Val6;Val7;Val8;Val9;val10
val1;Val2;Val3;Val4;Val5;Val6;Val7;Val8;Val9;val10
val1;Val2;Val3;Val4;Val5;Val6;Val7;Val8;Val9;val10
val1;Val2;Val3;Val4;Val5;Val6;Val7;Val8;Val9;val10
val1;Val2;Val3;Val4;Val5;Val6;Val7;Val8;Val9;val10
val1;Val2;Val3;Val4;Val5;Val6;Val7;Val8;Val9;val10
val1;Val2;Val3;Val4;Val5;Val6;Val7;Val8;Val9;val10
val1;Val2;Val3;Val4;Val5;Val6;Val7;Val8;Val9;val10
val1;Val2;Val3;Val4;Val5;Val6;Val7;Val8;Val9;val10
val1;Val2;Val3;Val4;Val5;Val6;Val7;Val8;Val9;val10
val1;Val2;Val3;Val4;Val5;Val6;Val7;Val8;Val9;val10
val1;Val2;Val3;Val4;Val5;Val6;Val7;Val8;Val9;val10
val1;Val2;Val3;Val4;Val5;Val6;Val7;Val8;Val9;val10
val1;Val2;Val3;Val4;Val5;Val6;Val7;Val8;Val9;val10
val1;Val2;Val3;Val4;Val5;Val6;Val7;Val8;Val9;val10
val1;Val2;Val3;Val4;Val5;Val6;Val7;Val8;Val9;val10
val1;Val2;Val3;Val4;Val5;Val6;Val7;Val8;Val9;val10
val1;Val2;Val3;Val4;Val5;Val6;Val7;Val8;Val9;val10
val1;Val2;Val3;Val4;Val5;Val6;Val7;Val8;Val9;val10
val1;Val2;Val3;Val4;Val5;Val6;Val7;Val8;Val9;val10
val1;Val2;Val3;Val4;Val5;Val6;Val7;Val8;Val9;val10
val1;Val2;Val3;Val4;Val5;Val6;Val7;Val8;Val9;val10
val1;Val2;Val3;Val4;Val5;Val6;Val7;Val8;Val9;val10
val1;Val2;Val3;Val4;Val5;Val6;Val7;Val8;Val9;val10
val1;Val2;Val3;Val4;Val5;Val6;Val7;Val8;Val9;val10
val1;Val2;Val3;Val4;Val5;Val6;Val7;Val8;Val9;val10